country;Growth;year
Germany;-4.56961671737398;2020
Germany;1.05550824713283;2019
Germany;1.08602451412267;2018
Germany;2.68023111405891;2017
Germany;2.22999986782015;2016
Germany;1.49193152760772;2015
